POST_0001,01/03/2025,13:29:00,Midday,TikTok,Image,Spring Launch,No,No,8,0,1,123,73,0,13120,1.02,13360,247,30,70,6,0,31,Medium,353
POST_0002,02/03/2025,06:43:00,Morning,Instagram,Carousel,Spring Launch,No,No,11,0,4,266,97,0,6812,1,6812,307,52,59,40,0,17,Long,458
POST_0003,02/03/2025,21:35:00,Evening,TikTok,Image,Spring Launch,Yes,Yes,4,0,1,184,72,346,93539,1.3,121949,6903,1147,1707,198,2815,130,Medium,12770
POST_0004,03/03/2025,16:51:00,Afternoon,Twitter/X,Carousel,Spring Launch,No,No,2,0,8,176,192,0,7487,1.01,7591,20,6,8,0,0,5,Medium,34
POST_0005,04/03/2025,17:26:00,Afternoon,Instagram,Image,Spring Launch,No,No,8,0,1,127,183,0,2367,1.21,2860,176,28,39,20,0,11,Medium,263
POST_0006,04/03/2025,22:07:00,Evening,Twitter/X,Text,Spring Launch,No,No,2,0,1,164,44,0,10023,1.11,11123,205,70,81,0,0,9,Medium,356
POST_0007,07/03/2025,07:24:00,Morning,Twitter/X,Image,Spring Launch,No,Yes,4,0,1,104,118,0,7591,1.15,8757,140,50,69,0,127,11,Medium,386
POST_0008,07/03/2025,14:23:00,Midday,TikTok,Video,Spring Launch,No,No,7,60,1,157,167,0,13697,1.01,13834,1458,185,313,38,0,6,Medium,1994
POST_0009,10/03/2025,06:28:00,Morning,Twitter/X,Text,Spring Launch,Yes,No,4,0,1,374,60,486,14425,1.69,24436,581,177,270,0,0,1,Long,1028
POST_0010,10/03/2025,12:15:00,Midday,Facebook,Text,Spring Launch,No,Yes,6,0,1,460,72,0,43162,1.03,44315,180,48,64,18,591,2,Long,901
POST_0011,10/03/2025,15:27:00,Afternoon,Instagram,Carousel,Spring Launch,Yes,No,7,0,7,123,162,358,31202,1.95,60828,2493,442,622,288,0,42,Medium,3845
POST_0012,11/03/2025,12:21:00,Midday,Instagram,Carousel,Spring Launch,Yes,No,15,0,8,165,284,298,20840,1.54,32022,1530,240,355,177,0,6,Medium,2302
POST_0013,11/03/2025,19:34:00,Evening,Instagram,Image,Spring Launch,No,Yes,8,0,1,86,116,0,19020,1.48,28238,1119,183,278,128,694,17,Short,2402
POST_0014,12/03/2025,22:43:00,Evening,Twitter/X,Image,Spring Launch,No,Yes,4,0,1,168,109,0,12564,1.07,13445,279,86,133,0,255,8,Medium,753
POST_0015,15/03/2025,12:36:00,Midday,Facebook,Text,Spring Launch,No,No,6,0,1,308,59,0,11982,1.06,12751,97,23,34,7,0,2,Long,161
POST_0016,17/03/2025,13:02:00,Midday,Instagram,Image,Spring Launch,No,Yes,14,0,1,210,76,0,13721,1.16,15958,422,87,87,61,326,13,Medium,983
POST_0017,18/03/2025,16:07:00,Afternoon,Facebook,Image,Spring Launch,No,Yes,3,0,1,129,98,0,12866,1,12866,164,36,57,11,271,6,Medium,539
POST_0018,19/03/2025,22:03:00,Evening,TikTok,Image,Spring Launch,No,Yes,3,0,1,169,115,0,81163,1.21,98366,972,149,297,28,2454,117,Medium,3900
POST_0019,21/03/2025,14:28:00,Midday,TikTok,Image,Spring Launch,No,No,6,0,1,184,160,0,4127,1.41,5829,163,21,38,4,0,3,Medium,226
POST_0020,23/03/2025,18:57:00,Afternoon,TikTok,Video,Spring Launch,No,No,4,23,1,179,331,0,38320,1.08,41471,2935,481,711,93,0,98,Medium,4220
POST_0021,24/03/2025,11:43:00,Midday,Facebook,Text,Spring Launch,No,Yes,4,0,1,158,62,0,9821,1.03,10085,77,18,21,5,127,6,Medium,248
POST_0022,24/03/2025,11:50:00,Midday,Facebook,Text,Spring Launch,Yes,No,4,0,1,193,51,394,11617,1.47,17050,72,18,23,6,0,8,Medium,119
POST_0023,24/03/2025,21:43:00,Evening,TikTok,Image,Spring Launch,No,No,3,0,1,169,235,0,462,1.32,607,9,1,2,0,0,0,Medium,12
POST_0024,25/03/2025,14:11:00,Midday,TikTok,Image,Spring Launch,No,No,7,0,1,183,207,0,18951,1.14,21509,352,51,91,8,0,20,Medium,502
POST_0025,25/03/2025,21:17:00,Evening,Instagram,Image,Spring Launch,No,No,11,0,1,166,119,0,16286,1.27,20745,907,155,210,109,0,23,Medium,1381
POST_0026,27/03/2025,13:44:00,Midday,Twitter/X,Video,Spring Launch,No,No,4,43,1,127,108,0,10285,1,10285,210,76,93,0,0,10,Medium,379
POST_0027,27/03/2025,17:13:00,Afternoon,Instagram,Video,Spring Launch,No,No,9,77,1,143,207,0,7156,1.09,7788,183,38,51,23,0,10,Medium,295
POST_0028,27/03/2025,18:10:00,Afternoon,TikTok,Video,Spring Launch,No,Yes,7,22,1,124,223,0,18584,1.15,21451,1215,200,335,43,674,11,Medium,2467
POST_0029,27/03/2025,21:31:00,Evening,Twitter/X,Carousel,Spring Launch,Yes,No,2,0,5,233,106,352,18042,1.65,29817,215,90,105,0,0,6,Medium,410
POST_0030,28/03/2025,16:17:00,Afternoon,Twitter/X,Video,Spring Launch,Yes,Yes,1,105,1,102,113,405,32482,1.66,53981,1064,350,499,0,1259,27,Medium,3172
POST_0031,29/03/2025,13:45:00,Midday,TikTok,Video,Spring Launch,No,No,3,26,1,99,204,0,15843,1.11,17507,1729,280,476,46,0,26,Short,2531
POST_0032,01/04/2025,11:00:00,Midday,Twitter/X,Text,Spring Launch,No,No,1,0,1,270,108,0,3905,1.17,4575,91,33,41,0,0,4,Long,165
POST_0033,04/04/2025,10:25:00,Morning,TikTok,Carousel,Spring Launch,No,No,3,0,9,128,206,0,3964,1.02,4060,14,2,3,0,0,44,Medium,19
POST_0034,04/04/2025,16:57:00,Afternoon,TikTok,Image,Spring Launch,Yes,No,8,0,1,238,174,440,1097,1.21,1330,54,7,14,1,0,48,Medium,76
POST_0035,04/04/2025,16:58:00,Afternoon,TikTok,Text,Spring Launch,No,No,3,0,1,203,72,0,9665,1.08,10428,320,42,75,10,0,26,Medium,447
POST_0036,05/04/2025,16:08:00,Afternoon,Twitter/X,Text,Spring Launch,Yes,No,4,0,1,258,65,320,17638,1.85,32686,652,216,253,0,0,1,Long,1121
POST_0037,07/04/2025,14:10:00,Midday,Twitter/X,Carousel,Spring Launch,No,Yes,4,0,3,210,150,0,13484,1.11,14928,134,51,76,0,395,5,Medium,656
POST_0038,07/04/2025,18:03:00,Afternoon,Facebook,Video,Spring Launch,No,No,5,125,1,84,326,0,7059,1,7059,126,26,34,10,0,20,Short,196
POST_0039,08/04/2025,11:18:00,Midday,Facebook,Image,Spring Launch,No,No,3,0,1,105,66,0,18121,1.02,18404,306,77,102,29,0,6,Medium,514
POST_0040,08/04/2025,18:23:00,Afternoon,TikTok,Image,Spring Launch,Yes,Yes,7,0,1,192,68,336,54435,1.81,98541,1695,191,358,43,1818,141,Medium,4105
POST_0041,10/04/2025,14:41:00,Midday,Instagram,Image,Spring Launch,Yes,No,13,0,1,149,101,137,29377,1.32,38711,1361,213,267,136,0,15,Medium,1977
POST_0042,10/04/2025,22:19:00,Evening,Instagram,Video,Spring Launch,No,No,13,69,1,125,122,0,16888,1.15,19475,748,138,167,90,0,26,Medium,1143
POST_0043,11/04/2025,15:19:00,Afternoon,Twitter/X,Image,Spring Launch,No,Yes,4,0,1,127,173,0,7954,1.03,8230,94,32,42,0,137,6,Medium,305
POST_0044,14/04/2025,21:42:00,Evening,TikTok,Video,Spring Launch,No,No,4,60,1,94,225,0,26792,1.18,31548,2268,307,674,59,0,21,Short,3308
POST_0045,16/04/2025,11:48:00,Midday,Twitter/X,Video,Spring Launch,Yes,No,4,162,1,163,196,379,16485,1.84,30345,505,190,237,0,0,2,Medium,932
POST_0046,16/04/2025,12:15:00,Midday,Instagram,Carousel,Spring Launch,No,No,14,0,7,227,85,0,14575,1.06,15437,887,146,197,99,0,18,Medium,1329
POST_0047,16/04/2025,18:29:00,Afternoon,Twitter/X,Text,Spring Launch,No,Yes,2,0,1,314,100,0,3904,1.05,4088,77,31,39,0,79,11,Long,226
POST_0048,17/04/2025,13:11:00,Midday,Instagram,Image,Spring Launch,No,No,12,0,1,187,101,0,7653,1.18,9015,195,44,44,25,0,7,Medium,308
POST_0049,19/04/2025,13:23:00,Midday,TikTok,Text,Spring Launch,Yes,Yes,3,0,1,329,61,247,64350,1.42,91117,3261,461,879,105,1323,13,Long,6029
POST_0050,19/04/2025,14:04:00,Midday,Twitter/X,Carousel,Spring Launch,No,No,3,0,10,265,80,0,6837,1.14,7790,97,36,42,0,0,7,Long,175
POST_0051,21/04/2025,07:32:00,Morning,Instagram,Text,Spring Launch,No,No,10,0,1,295,58,0,12734,1.02,13041,147,32,38,19,0,14,Long,236
POST_0052,22/04/2025,19:32:00,Evening,Instagram,Carousel,Spring Launch,No,No,7,0,7,281,265,0,5432,1,5432,136,20,28,17,0,22,Long,201
POST_0053,23/04/2025,16:10:00,Afternoon,Twitter/X,Image,Spring Launch,Yes,No,4,0,1,231,145,337,28565,1.59,45433,874,316,397,0,0,64,Medium,1587
POST_0054,24/04/2025,06:25:00,Morning,TikTok,Image,Spring Launch,No,Yes,5,0,1,190,110,0,31258,1.36,42396,1146,156,256,30,755,186,Medium,2343
POST_0055,24/04/2025,08:28:00,Morning,TikTok,Video,Spring Launch,Yes,Yes,6,50,1,192,252,461,33234,1.37,45406,2669,400,554,70,1325,107,Medium,5018
POST_0056,24/04/2025,10:51:00,Morning,Twitter/X,Video,Spring Launch,Yes,Yes,4,113,1,80,167,209,135030,1.26,170671,1712,635,918,0,3416,20,Short,6681
POST_0057,25/04/2025,15:24:00,Afternoon,TikTok,Video,Spring Launch,Yes,No,6,37,1,189,252,419,123584,2.05,253428,24267,3003,5245,737,0,83,Medium,33252
POST_0058,25/04/2025,15:30:00,Afternoon,Twitter/X,Carousel,Spring Launch,No,No,4,0,8,166,210,0,10513,1.06,11124,99,38,45,0,0,4,Medium,182
POST_0059,25/04/2025,21:10:00,Evening,Twitter/X,Video,Spring Launch,No,No,4,114,1,160,96,0,12991,1,12991,252,92,117,0,0,3,Medium,461
POST_0060,26/04/2025,18:30:00,Afternoon,TikTok,Video,Spring Launch,Yes,Yes,7,39,1,140,208,100,64687,1.21,78499,7087,1119,1612,233,1775,16,Medium,11826
POST_0061,27/04/2025,19:09:00,Evening,Twitter/X,Carousel,Spring Launch,No,No,3,0,10,232,96,0,5351,1,5351,13,5,6,0,0,3,Medium,24
POST_0062,28/04/2025,07:07:00,Morning,TikTok,Text,Spring Launch,No,No,4,0,1,222,81,0,7916,1.11,8751,327,39,85,8,0,46,Medium,459
POST_0063,28/04/2025,17:10:00,Afternoon,Facebook,Carousel,Spring Launch,No,No,2,0,9,127,140,0,7294,1.21,8801,75,22,29,6,0,10,Medium,132
POST_0064,28/04/2025,20:42:00,Evening,Facebook,Video,Spring Launch,No,No,6,76,1,98,160,0,8055,1.16,9352,169,53,70,15,0,0,Short,307
POST_0065,29/04/2025,12:31:00,Midday,Facebook,Text,Spring Launch,No,No,4,0,1,284,75,0,10703,1.04,11168,65,18,23,6,0,2,Long,112
POST_0066,29/04/2025,14:38:00,Midday,Twitter/X,Carousel,Spring Launch,No,Yes,4,0,7,209,164,0,4632,1.08,5015,16,6,6,0,99,8,Medium,127
POST_0067,30/04/2025,18:38:00,Afternoon,Twitter/X,Carousel,Spring Launch,No,Yes,4,0,7,250,221,0,11835,1,11835,144,55,72,0,273,7,Medium,544
POST_0068,30/04/2025,18:50:00,Afternoon,Twitter/X,Video,Spring Launch,Yes,No,3,170,1,63,172,468,50292,1.49,75117,1082,407,433,0,0,44,Short,1922
POST_0069,30/04/2025,19:21:00,Evening,Facebook,Video,Spring Launch,Yes,No,6,49,1,177,301,308,21991,1.91,41902,668,194,267,62,0,25,Medium,1191
POST_0070,01/05/2025,07:48:00,Morning,Twitter/X,Video,Spring Launch,No,No,1,98,1,65,221,0,4933,1.16,5703,53,18,22,0,0,7,Short,93
POST_0071,02/05/2025,18:31:00,Afternoon,TikTok,Carousel,Spring Launch,No,Yes,5,0,9,236,222,0,34056,1.03,35182,344,56,100,11,822,22,Medium,1333
POST_0072,03/05/2025,15:45:00,Afternoon,TikTok,Video,Spring Launch,No,No,8,48,1,60,355,0,25003,1,25003,2669,356,585,61,0,20,Short,3671
POST_0073,03/05/2025,16:31:00,Afternoon,Instagram,Carousel,Spring Launch,No,No,14,0,10,230,155,0,9539,1.24,11874,627,96,142,74,0,16,Medium,939
POST_0074,04/05/2025,19:55:00,Evening,Instagram,Video,Spring Launch,No,Yes,5,47,1,172,135,0,10160,1.27,12923,280,58,61,33,335,13,Medium,767
POST_0075,05/05/2025,11:31:00,Midday,Facebook,Text,Spring Launch,No,No,5,0,1,425,69,0,21596,1.12,24247,247,51,86,18,0,13,Long,402
POST_0076,05/05/2025,13:57:00,Midday,Facebook,Text,Spring Launch,No,No,4,0,1,379,46,0,7113,1,7113,44,12,15,3,0,12,Long,74
POST_0077,06/05/2025,11:50:00,Midday,Facebook,Video,Spring Launch,No,No,6,161,1,69,175,0,12223,1,12223,156,37,53,11,0,7,Short,257
POST_0078,06/05/2025,12:58:00,Midday,Facebook,Text,Spring Launch,Yes,Yes,3,0,1,206,88,184,27483,1.61,44304,169,43,54,13,843,7,Medium,1122
POST_0079,06/05/2025,19:20:00,Evening,Instagram,Video,Spring Launch,No,Yes,5,52,1,148,269,0,10628,1.2,12717,593,111,150,73,368,18,Medium,1295
POST_0080,07/05/2025,12:41:00,Midday,Facebook,Video,Spring Launch,No,Yes,5,176,1,199,142,0,6070,1,6070,69,19,22,6,163,1,Medium,279
POST_0081,08/05/2025,13:54:00,Midday,Twitter/X,Video,Spring Launch,Yes,No,4,127,1,180,180,408,89377,1.45,129618,990,358,476,0,0,22,Medium,1824
POST_0082,08/05/2025,22:17:00,Evening,Instagram,Video,Spring Launch,Yes,No,9,38,1,53,251,303,13051,1.93,25202,934,180,221,107,0,22,Short,1442
POST_0083,09/05/2025,21:00:00,Evening,TikTok,Video,Spring Launch,No,Yes,8,32,1,191,150,0,39397,1.31,51537,3988,568,1230,113,1099,109,Medium,6998
POST_0084,09/05/2025,22:23:00,Evening,Facebook,Image,Spring Launch,No,No,5,0,1,100,127,0,8825,1.2,10571,137,37,49,13,0,18,Short,236
POST_0085,12/05/2025,22:15:00,Evening,Instagram,Video,Spring Launch,No,Yes,7,63,1,56,284,0,13690,1.08,14787,530,82,130,70,265,33,Short,1077
POST_0086,14/05/2025,08:38:00,Morning,TikTok,Video,Spring Launch,Yes,No,8,24,1,64,180,352,36547,1.67,60911,6204,859,1907,204,0,50,Short,9174
POST_0087,14/05/2025,21:26:00,Evening,Twitter/X,Carousel,Spring Launch,No,Yes,2,0,8,158,166,0,6149,1.15,7042,127,50,56,0,190,5,Medium,423
POST_0088,15/05/2025,07:30:00,Morning,Twitter/X,Text,Spring Launch,No,No,2,0,1,346,95,0,7044,1.04,7300,144,56,70,0,0,6,Long,270
POST_0089,16/05/2025,15:11:00,Afternoon,TikTok,Video,Spring Launch,No,No,7,35,1,174,202,0,23032,1.09,25121,2312,319,587,66,0,36,Medium,3284
POST_0090,16/05/2025,17:24:00,Afternoon,Twitter/X,Image,Spring Launch,Yes,No,3,0,1,225,175,511,36267,1.52,54959,1268,430,542,0,0,50,Medium,2240
POST_0091,16/05/2025,20:14:00,Evening,Twitter/X,Video,Spring Launch,Yes,No,4,148,1,137,111,243,18449,1.82,33515,507,192,249,0,0,8,Medium,948
POST_0092,17/05/2025,10:37:00,Morning,TikTok,Video,Spring Launch,No,Yes,6,15,1,86,344,0,29198,1.13,32908,3977,673,1039,128,772,29,Short,6589
POST_0093,17/05/2025,12:05:00,Midday,Twitter/X,Image,Spring Launch,No,No,2,0,1,186,123,0,8005,1.18,9427,105,41,48,0,0,12,Medium,194
POST_0094,17/05/2025,12:16:00,Midday,Twitter/X,Video,Spring Launch,Yes,No,1,117,1,71,186,579,12741,1.45,18490,387,138,187,0,0,15,Short,712
POST_0095,17/05/2025,15:18:00,Afternoon,TikTok,Image,Spring Launch,No,No,6,0,1,193,73,0,20299,1.29,26219,898,109,243,24,0,27,Medium,1274
POST_0096,18/05/2025,09:21:00,Morning,TikTok,Video,Spring Launch,Yes,No,7,59,1,55,297,326,15136,1.41,21390,1811,264,436,51,0,7,Short,2562
POST_0097,18/05/2025,14:09:00,Midday,TikTok,Image,Spring Launch,No,No,8,0,1,125,158,0,68522,1.21,82912,1870,228,493,50,0,74,Medium,2641
POST_0098,18/05/2025,15:53:00,Afternoon,Instagram,Image,Spring Launch,No,Yes,7,0,1,222,82,0,9135,1.47,13442,530,89,121,70,309,0,Medium,1119
POST_0099,19/05/2025,11:49:00,Midday,Twitter/X,Video,Spring Launch,No,No,1,141,1,172,205,0,10508,1.07,11243,191,73,94,0,0,7,Medium,358
POST_0100,19/05/2025,12:03:00,Midday,TikTok,Video,Spring Launch,No,Yes,7,45,1,178,148,0,28558,1.25,35661,2220,258,464,65,840,25,Medium,3847
POST_0101,20/05/2025,11:10:00,Midday,Instagram,Image,Spring Launch,No,Yes,8,0,1,153,162,0,13564,1,13564,263,52,63,32,297,16,Medium,707
POST_0102,20/05/2025,17:49:00,Afternoon,TikTok,Carousel,Spring Launch,Yes,No,7,0,5,152,94,449,8046,2.17,17439,398,56,86,10,0,34,Medium,550
POST_0103,21/05/2025,22:04:00,Evening,TikTok,Carousel,Spring Launch,No,No,6,0,8,239,125,0,37627,1,37627,1131,164,305,27,0,8,Medium,1627
POST_0104,22/05/2025,15:22:00,Afternoon,TikTok,Image,Spring Launch,No,Yes,8,0,1,87,84,0,23009,1,23009,310,46,68,8,406,36,Short,838
POST_0105,22/05/2025,17:44:00,Afternoon,Twitter/X,Carousel,Spring Launch,Yes,Yes,4,0,4,206,221,391,63074,1.27,80217,1168,392,600,0,2777,20,Medium,4937
POST_0106,22/05/2025,21:57:00,Evening,TikTok,Video,Spring Launch,No,No,8,22,1,84,250,0,37398,1.44,53964,7090,1064,1832,194,0,141,Short,10180
POST_0107,25/05/2025,18:31:00,Afternoon,TikTok,Carousel,Spring Launch,No,Yes,7,0,9,113,144,0,27563,1.51,41729,1367,214,372,40,1235,3,Medium,3228
POST_0108,26/05/2025,06:24:00,Morning,Facebook,Video,Spring Launch,No,Yes,2,57,1,55,129,0,4968,1.1,5462,53,13,18,4,152,10,Short,240
POST_0109,26/05/2025,12:16:00,Midday,Twitter/X,Video,Spring Launch,No,No,1,113,1,96,130,0,6930,1.31,9096,208,73,115,0,0,4,Short,396
POST_0110,26/05/2025,13:17:00,Midday,Instagram,Video,Spring Launch,No,No,8,25,1,167,336,0,7134,1.26,8953,275,46,52,31,0,12,Medium,404
POST_0111,26/05/2025,20:06:00,Evening,Facebook,Video,Spring Launch,Yes,Yes,4,51,1,61,156,169,20806,1.38,28744,359,101,121,35,653,8,Short,1269
POST_0112,29/05/2025,16:59:00,Afternoon,Facebook,Text,Spring Launch,No,No,4,0,1,169,36,0,10437,1,10437,229,50,69,18,0,13,Medium,366
POST_0113,29/05/2025,17:14:00,Afternoon,Twitter/X,Text,Spring Launch,No,No,3,0,1,215,65,0,7075,1.3,9199,175,56,84,0,0,0,Medium,315
POST_0114,29/05/2025,20:10:00,Evening,Instagram,Video,Spring Launch,No,Yes,9,62,1,97,184,0,27802,1.04,28903,1346,246,324,153,636,22,Short,2705
POST_0115,30/05/2025,14:10:00,Midday,Instagram,Carousel,Spring Launch,No,Yes,10,0,5,155,111,0,16832,1.1,18543,894,144,217,112,569,25,Medium,1936
POST_0116,31/05/2025,08:53:00,Morning,Twitter/X,Carousel,Spring Launch,Yes,No,1,0,8,225,81,295,17856,1.5,26705,294,104,143,0,0,3,Medium,541
POST_0117,31/05/2025,13:11:00,Midday,Facebook,Carousel,Spring Launch,No,No,3,0,6,288,165,0,6598,1.08,7144,120,29,44,9,0,8,Long,202
POST_0118,01/06/2025,11:20:00,Midday,Twitter/X,Image,Summer Vibes,No,No,4,0,1,169,163,0,8059,1.18,9524,136,58,59,0,0,7,Medium,253
POST_0119,01/06/2025,19:56:00,Evening,TikTok,Video,Summer Vibes,No,Yes,7,44,1,52,198,0,23760,1.08,25766,2865,441,758,87,641,26,Short,4792
POST_0120,01/06/2025,20:25:00,Evening,TikTok,Video,Summer Vibes,Yes,No,8,27,1,166,108,590,100069,1.63,162913,20556,2496,4478,554,0,55,Medium,28084
POST_0121,02/06/2025,07:10:00,Morning,TikTok,Video,Summer Vibes,No,No,4,22,1,126,336,0,26127,1.31,34293,4378,646,1070,110,0,22,Medium,6204
POST_0122,02/06/2025,09:20:00,Morning,Instagram,Image,Summer Vibes,No,Yes,11,0,1,144,79,0,11837,1.14,13480,192,44,44,22,343,11,Medium,645
POST_0123,03/06/2025,08:02:00,Morning,Instagram,Video,Summer Vibes,No,No,10,26,1,62,116,0,12722,1.16,14776,379,69,89,46,0,19,Short,583
POST_0124,03/06/2025,14:17:00,Midday,Twitter/X,Text,Summer Vibes,No,Yes,1,0,1,249,66,0,9363,1,9363,238,97,112,0,180,2,Medium,627
POST_0125,03/06/2025,15:11:00,Afternoon,Facebook,Text,Summer Vibes,No,No,5,0,1,207,63,0,9860,1.13,11128,138,40,52,12,0,0,Medium,242
POST_0126,03/06/2025,21:00:00,Evening,Instagram,Video,Summer Vibes,No,Yes,15,18,1,73,171,0,15686,1.28,20075,552,103,129,82,530,10,Short,1396
POST_0127,03/06/2025,22:20:00,Evening,Facebook,Video,Summer Vibes,No,No,4,114,1,127,108,0,4066,1.02,4147,73,20,25,5,0,8,Medium,123
POST_0128,04/06/2025,11:47:00,Midday,Facebook,Video,Summer Vibes,No,No,2,31,1,151,96,0,11209,1.12,12532,299,73,105,27,0,11,Medium,504
POST_0129,06/06/2025,09:43:00,Morning,Twitter/X,Video,Summer Vibes,Yes,No,2,152,1,103,207,443,31287,1.38,43330,265,98,123,0,0,23,Medium,486
POST_0130,06/06/2025,12:43:00,Midday,TikTok,Carousel,Summer Vibes,No,No,7,0,7,143,132,0,40452,1,40452,2344,341,585,71,0,95,Medium,3341
POST_0131,09/06/2025,10:37:00,Morning,Instagram,Video,Summer Vibes,Yes,Yes,15,16,1,74,140,516,26132,1.47,38423,1008,168,264,144,1219,10,Short,2803
POST_0132,10/06/2025,07:06:00,Morning,Twitter/X,Image,Summer Vibes,No,No,1,0,1,168,212,0,7109,1,7109,160,48,69,0,0,9,Medium,277
POST_0133,10/06/2025,18:32:00,Afternoon,Instagram,Video,Summer Vibes,No,No,13,73,1,88,167,0,13238,1.21,16021,747,169,198,92,0,9,Short,1206
POST_0134,11/06/2025,16:48:00,Afternoon,Twitter/X,Video,Summer Vibes,No,Yes,2,103,1,53,242,0,7041,1.04,7336,131,41,55,0,187,7,Short,414
POST_0135,11/06/2025,18:30:00,Afternoon,Instagram,Carousel,Summer Vibes,Yes,No,10,0,5,211,200,294,47997,1.57,75355,3224,615,816,388,0,68,Medium,5043
POST_0136,13/06/2025,07:37:00,Morning,TikTok,Carousel,Summer Vibes,Yes,No,6,0,10,179,156,583,56890,1.42,80670,2793,410,780,77,0,222,Medium,4060
POST_0137,14/06/2025,17:38:00,Afternoon,TikTok,Video,Summer Vibes,No,Yes,5,47,1,74,213,0,18965,1.38,26195,2923,442,770,68,798,32,Short,5001
POST_0138,17/06/2025,21:18:00,Evening,TikTok,Video,Summer Vibes,No,Yes,6,49,1,108,186,0,34188,1.6,54852,6286,845,2004,219,1433,20,Medium,10787
POST_0139,20/06/2025,14:36:00,Midday,Instagram,Carousel,Summer Vibes,Yes,Yes,6,0,7,213,160,396,36934,1.57,58005,2926,534,654,363,1402,51,Medium,5879
POST_0140,20/06/2025,17:50:00,Afternoon,TikTok,Video,Summer Vibes,No,No,3,53,1,126,131,0,41942,1.36,57247,5997,810,1820,178,0,63,Medium,8805
POST_0141,20/06/2025,19:45:00,Evening,Facebook,Video,Summer Vibes,No,Yes,6,77,1,78,162,0,6198,1,6198,133,31,45,9,148,14,Short,366
POST_0142,22/06/2025,10:19:00,Morning,TikTok,Text,Summer Vibes,Yes,No,6,0,1,368,39,393,113418,1.46,165332,590,71,138,17,0,44,Long,816
POST_0143,22/06/2025,17:26:00,Afternoon,Twitter/X,Image,Summer Vibes,Yes,Yes,1,0,1,200,91,438,23418,1.7,39872,774,261,362,0,740,11,Medium,2137
POST_0144,23/06/2025,07:58:00,Morning,Facebook,Image,Summer Vibes,No,No,6,0,1,232,177,0,10709,1.01,10813,140,36,45,12,0,6,Medium,233
POST_0145,24/06/2025,11:24:00,Midday,Facebook,Video,Summer Vibes,No,No,2,74,1,184,232,0,6497,1.06,6879,84,21,31,7,0,7,Medium,143
POST_0146,24/06/2025,11:37:00,Midday,Twitter/X,Text,Summer Vibes,Yes,No,2,0,1,480,112,314,32852,1.62,53290,1010,450,429,0,0,39,Long,1889
POST_0147,24/06/2025,17:41:00,Afternoon,TikTok,Video,Summer Vibes,No,No,3,45,1,83,187,0,69853,1.25,86981,8457,1072,2336,237,0,124,Short,12102
POST_0148,25/06/2025,15:40:00,Afternoon,Twitter/X,Image,Summer Vibes,No,Yes,2,0,1,163,103,0,11510,1.15,13204,336,126,149,0,276,8,Medium,887
POST_0149,26/06/2025,14:33:00,Midday,TikTok,Image,Summer Vibes,No,No,4,0,1,172,70,0,17595,1.4,24636,1594,232,375,41,0,2,Medium,2242
POST_0150,27/06/2025,22:44:00,Evening,Facebook,Image,Summer Vibes,No,No,6,0,1,114,165,0,11006,1.16,12719,143,41,44,11,0,12,Medium,239
POST_0151,28/06/2025,19:07:00,Evening,Instagram,Carousel,Summer Vibes,Yes,No,14,0,9,205,89,699,160132,1.69,270570,14216,2983,3232,1833,0,100,Medium,22264
POST_0152,01/07/2025,18:04:00,Afternoon,Instagram,Text,Summer Vibes,No,Yes,13,0,1,444,65,0,17041,1.03,17478,231,45,60,28,288,17,Long,652
POST_0153,02/07/2025,21:54:00,Evening,Twitter/X,Text,Summer Vibes,No,No,4,0,1,435,57,0,9033,1.3,11701,150,49,69,0,0,0,Long,268
POST_0154,03/07/2025,10:37:00,Morning,Instagram,Carousel,Summer Vibes,Yes,No,5,0,5,166,144,350,35695,1.59,56787,2863,525,673,371,0,55,Medium,4432
POST_0155,03/07/2025,13:52:00,Midday,Twitter/X,Image,Summer Vibes,No,Yes,2,0,1,220,94,0,8222,1,8222,214,73,87,0,183,8,Medium,557
POST_0156,03/07/2025,16:24:00,Afternoon,Instagram,Carousel,Summer Vibes,No,Yes,6,0,7,297,224,0,9915,1.02,10079,376,61,97,53,295,11,Long,882
POST_0157,03/07/2025,16:43:00,Afternoon,TikTok,Video,Summer Vibes,No,No,3,25,1,161,217,0,14177,1,14177,1331,192,345,43,0,2,Medium,1911
POST_0158,03/07/2025,22:43:00,Evening,TikTok,Image,Summer Vibes,Yes,Yes,3,0,1,177,128,429,60723,1.84,111741,2207,268,622,58,1689,71,Medium,4844
POST_0159,05/07/2025,18:09:00,Afternoon,TikTok,Video,Summer Vibes,No,No,8,20,1,153,242,0,9369,1.29,12048,1662,238,441,53,0,1,Medium,2394
POST_0160,06/07/2025,16:08:00,Afternoon,TikTok,Video,Summer Vibes,No,No,5,38,1,92,133,0,24693,1.67,41302,4399,668,1327,133,0,118,Short,6527
POST_0161,06/07/2025,20:54:00,Evening,Twitter/X,Image,Summer Vibes,No,No,2,0,1,146,128,0,6717,1,6717,145,45,60,0,0,10,Medium,250
POST_0162,07/07/2025,16:58:00,Afternoon,TikTok,Video,Summer Vibes,No,Yes,6,47,1,58,303,0,31246,1.51,47046,5357,791,1281,133,1217,74,Short,8779
POST_0163,07/07/2025,21:43:00,Evening,Facebook,Video,Summer Vibes,No,No,4,78,1,132,233,0,61306,1.01,61984,1865,439,649,139,0,41,Medium,3092
POST_0164,08/07/2025,09:54:00,Morning,TikTok,Carousel,Summer Vibes,No,No,4,0,10,216,234,0,30420,1.09,33050,914,161,243,30,0,18,Medium,1348
POST_0165,08/07/2025,11:01:00,Midday,TikTok,Carousel,Summer Vibes,No,No,5,0,7,163,94,0,33664,1,33664,969,142,235,23,0,25,Medium,1369
POST_0166,08/07/2025,13:43:00,Midday,TikTok,Image,Summer Vibes,No,Yes,8,0,1,175,137,0,18728,1.08,20141,933,167,274,32,345,8,Medium,1751
POST_0167,08/07/2025,17:12:00,Afternoon,TikTok,Video,Summer Vibes,No,No,4,55,1,161,181,0,26449,1.32,34960,4002,544,934,128,0,43,Medium,5608
POST_0168,09/07/2025,15:57:00,Afternoon,Facebook,Text,Summer Vibes,No,Yes,5,0,1,326,79,0,4544,1.04,4704,77,22,24,6,69,9,Long,198
POST_0169,11/07/2025,16:44:00,Afternoon,Twitter/X,Video,Summer Vibes,No,No,1,95,1,93,109,0,10930,1.03,11270,231,71,107,0,0,14,Short,409
POST_0170,11/07/2025,18:44:00,Afternoon,Facebook,Image,Summer Vibes,No,Yes,4,0,1,121,68,0,9050,1.11,10015,189,43,52,14,216,4,Medium,514
POST_0171,13/07/2025,18:46:00,Afternoon,Instagram,Video,Summer Vibes,No,No,8,56,1,66,262,0,4064,1.08,4397,93,14,19,10,0,0,Short,136
POST_0172,15/07/2025,21:37:00,Evening,Twitter/X,Image,Summer Vibes,Yes,Yes,3,0,1,181,130,504,53504,1.45,77751,1619,555,760,0,1307,43,Medium,4241
POST_0173,17/07/2025,17:55:00,Afternoon,Instagram,Image,Summer Vibes,No,Yes,11,0,1,210,92,0,22699,1.22,27589,1152,182,237,158,571,13,Medium,2300
POST_0174,20/07/2025,13:49:00,Midday,Facebook,Video,Summer Vibes,No,No,3,162,1,180,197,0,12643,1.04,13138,101,31,42,9,0,2,Medium,183
POST_0175,21/07/2025,08:08:00,Morning,Instagram,Image,Summer Vibes,No,No,11,0,1,234,128,0,11763,1.46,17187,487,80,105,55,0,0,Medium,727
POST_0176,21/07/2025,15:32:00,Afternoon,Twitter/X,Carousel,Summer Vibes,No,Yes,3,0,3,107,78,0,10005,1.13,11299,115,43,55,0,300,4,Medium,513
POST_0177,21/07/2025,18:36:00,Afternoon,Instagram,Video,Summer Vibes,No,No,13,52,1,137,134,0,19293,1.33,25570,1581,297,347,191,0,19,Medium,2416
POST_0178,21/07/2025,19:48:00,Evening,Facebook,Carousel,Summer Vibes,No,Yes,4,0,4,123,201,0,8853,1.06,9353,209,56,73,17,336,11,Medium,691
POST_0179,22/07/2025,11:34:00,Midday,Twitter/X,Text,Summer Vibes,No,No,4,0,1,484,86,0,7683,1.09,8369,152,60,62,0,0,4,Long,274
POST_0180,22/07/2025,20:39:00,Evening,TikTok,Carousel,Summer Vibes,No,No,8,0,7,292,218,0,12983,1.48,19195,419,56,127,11,0,17,Long,613
POST_0181,23/07/2025,14:46:00,Midday,Instagram,Video,Summer Vibes,Yes,Yes,11,54,1,177,221,623,41668,1.71,71321,3377,495,774,332,1751,74,Medium,6729
POST_0182,24/07/2025,14:04:00,Midday,TikTok,Image,Summer Vibes,Yes,No,3,0,1,83,149,551,57011,1.72,98174,3677,537,1011,110,0,99,Short,5335
POST_0183,26/07/2025,12:09:00,Midday,Twitter/X,Video,Summer Vibes,Yes,No,3,59,1,121,202,472,22483,1.79,40340,582,215,221,0,0,18,Medium,1018
POST_0184,26/07/2025,15:01:00,Afternoon,Facebook,Carousel,Summer Vibes,Yes,Yes,6,0,3,241,200,565,46371,1.71,79431,1776,528,640,170,2235,40,Medium,5349
POST_0185,27/07/2025,17:27:00,Afternoon,Facebook,Text,Summer Vibes,No,No,4,0,1,246,70,0,9442,1.08,10214,151,35,54,11,0,5,Medium,251
POST_0186,28/07/2025,15:32:00,Afternoon,Instagram,Carousel,Summer Vibes,No,No,7,0,8,180,163,0,18909,1.12,21249,830,159,188,93,0,17,Medium,1270
POST_0187,29/07/2025,18:08:00,Afternoon,TikTok,Image,Summer Vibes,No,No,5,0,1,235,129,0,694,1,694,25,3,6,0,0,25,Medium,34
POST_0188,30/07/2025,11:06:00,Midday,Facebook,Text,Summer Vibes,No,Yes,4,0,1,368,33,0,4704,1.02,4786,53,16,20,4,65,10,Long,158
POST_0189,31/07/2025,12:57:00,Midday,Instagram,Carousel,Summer Vibes,No,No,10,0,5,284,101,0,5689,1,5689,266,50,62,29,0,1,Long,407
POST_0190,31/07/2025,13:49:00,Midday,Instagram,Video,Summer Vibes,No,Yes,10,86,1,120,190,0,21809,1.03,22436,700,151,181,100,663,8,Medium,1795
POST_0191,02/08/2025,18:37:00,Afternoon,TikTok,Video,Summer Vibes,No,No,3,21,1,196,253,0,34326,1.25,43026,5974,973,1728,154,0,48,Medium,8829
POST_0192,03/08/2025,19:55:00,Evening,Instagram,Image,Summer Vibes,No,No,10,0,1,148,208,0,10613,1.22,12984,347,72,78,43,0,17,Medium,540
POST_0193,05/08/2025,17:45:00,Afternoon,Instagram,Image,Summer Vibes,No,Yes,12,0,1,157,121,0,14204,1,14204,690,112,148,76,285,15,Medium,1311
POST_0194,08/08/2025,19:04:00,Evening,Twitter/X,Text,Summer Vibes,Yes,Yes,3,0,1,433,112,534,19276,1.8,34750,862,257,360,0,579,4,Long,2058
POST_0195,09/08/2025,15:06:00,Afternoon,Facebook,Carousel,Summer Vibes,No,No,4,0,8,169,201,0,12911,1.11,14306,228,55,78,17,0,7,Medium,378
POST_0196,10/08/2025,13:44:00,Midday,Twitter/X,Carousel,Summer Vibes,No,Yes,4,0,5,101,161,0,7187,1,7187,50,17,24,0,157,1,Medium,248
POST_0197,11/08/2025,21:50:00,Evening,Instagram,Video,Summer Vibes,No,No,7,75,1,164,139,0,33568,1.28,43131,1821,409,466,235,0,54,Medium,2931
POST_0198,13/08/2025,10:40:00,Morning,Facebook,Text,Summer Vibes,Yes,No,3,0,1,342,94,744,20112,1.49,29960,253,73,87,20,0,6,Long,433
POST_0199,13/08/2025,11:17:00,Midday,Twitter/X,Image,Summer Vibes,No,Yes,3,0,1,125,165,0,10643,1,10643,114,42,57,0,162,9,Medium,375
POST_0200,16/08/2025,18:52:00,Afternoon,Twitter/X,Video,Summer Vibes,Yes,Yes,1,133,1,181,127,528,18419,1.58,29128,760,306,368,0,841,3,Medium,2275
POST_0201,17/08/2025,11:58:00,Midday,Facebook,Text,Summer Vibes,No,No,3,0,1,461,100,0,9374,1.12,10452,156,33,50,14,0,11,Long,253
POST_0202,17/08/2025,12:30:00,Midday,Facebook,Text,Summer Vibes,Yes,No,5,0,1,499,55,663,17569,1.72,30153,559,142,166,37,0,4,Long,904
POST_0203,18/08/2025,21:10:00,Evening,Twitter/X,Carousel,Summer Vibes,No,Yes,1,0,5,239,108,0,5008,1.2,5997,110,38,51,0,208,5,Medium,407
POST_0204,21/08/2025,18:47:00,Afternoon,Instagram,Video,Summer Vibes,Yes,Yes,15,54,1,193,126,237,33559,1.68,56265,2369,473,523,298,1408,7,Medium,5071
POST_0205,21/08/2025,18:57:00,Afternoon,Instagram,Carousel,Summer Vibes,Yes,Yes,14,0,6,214,150,467,54330,1.68,91459,4310,952,983,481,2619,37,Medium,9345
POST_0206,22/08/2025,11:53:00,Midday,Instagram,Image,Summer Vibes,No,No,12,0,1,89,119,0,10838,1.12,12144,480,83,97,59,0,11,Short,719
POST_0207,22/08/2025,20:01:00,Evening,Instagram,Carousel,Summer Vibes,No,Yes,9,0,9,229,104,0,17905,1.16,20828,1194,232,256,166,737,3,Medium,2585
POST_0208,23/08/2025,22:02:00,Evening,Instagram,Video,Summer Vibes,No,Yes,12,77,1,168,99,0,12020,1.09,13161,532,92,116,58,262,5,Medium,1060
POST_0209,25/08/2025,12:39:00,Midday,Facebook,Video,Summer Vibes,Yes,No,2,170,1,168,109,396,28710,1.52,43697,698,166,207,61,0,25,Medium,1132
POST_0210,27/08/2025,07:15:00,Morning,Instagram,Image,Summer Vibes,Yes,No,9,0,1,109,130,233,39945,1.53,61148,1806,340,413,193,0,6,Medium,2752
POST_0211,28/08/2025,20:52:00,Evening,Twitter/X,Text,Summer Vibes,No,No,2,0,1,310,35,0,11179,1,11179,265,88,119,0,0,3,Long,472
POST_0212,29/08/2025,11:49:00,Midday,TikTok,Video,Summer Vibes,No,Yes,4,40,1,61,115,0,23496,1.7,39951,4453,705,1281,130,1183,4,Short,7752
POST_0213,30/08/2025,19:59:00,Evening,Twitter/X,Image,Summer Vibes,Yes,No,4,0,1,104,184,468,32737,1.99,64994,1242,370,580,0,0,20,Medium,2192
POST_0214,01/09/2025,11:10:00,Midday,Instagram,Video,Back to School,No,No,11,90,1,101,131,0,8237,1.32,10842,307,57,84,46,0,16,Medium,494
POST_0215,01/09/2025,17:49:00,Afternoon,TikTok,Carousel,Back to School,No,No,4,0,5,145,194,0,20724,1.25,25953,127,21,37,4,0,23,Medium,189
POST_0216,02/09/2025,18:45:00,Afternoon,Instagram,Video,Back to School,No,No,14,83,1,173,292,0,10053,1.01,10189,377,80,100,42,0,0,Medium,599
POST_0217,02/09/2025,22:09:00,Evening,Twitter/X,Text,Back to School,No,Yes,3,0,1,311,119,0,8523,1.35,11483,195,84,102,0,186,10,Long,567
POST_0218,04/09/2025,13:15:00,Midday,Facebook,Video,Back to School,Yes,No,6,60,1,117,243,199,6713,1.65,11106,174,36,47,11,0,11,Medium,268
POST_0219,04/09/2025,21:02:00,Evening,TikTok,Video,Back to School,Yes,No,3,39,1,179,331,256,38662,1.52,58708,3892,687,1048,131,0,176,Medium,5758
POST_0220,08/09/2025,17:58:00,Afternoon,Twitter/X,Carousel,Back to School,No,No,3,0,9,129,117,0,30620,1.16,35566,335,121,167,0,0,22,Medium,623
POST_0221,08/09/2025,18:31:00,Afternoon,Instagram,Text,Back to School,Yes,No,6,0,1,235,42,241,27608,1.41,38949,397,77,80,51,0,9,Medium,605
POST_0222,08/09/2025,22:36:00,Evening,Instagram,Carousel,Back to School,Yes,No,6,0,3,123,228,224,83228,1.38,114757,2732,494,684,342,0,74,Medium,4252
POST_0223,12/09/2025,11:27:00,Midday,Instagram,Image,Back to School,Yes,No,9,0,1,233,180,265,38533,1.42,54835,775,137,162,103,0,40,Medium,1177
POST_0224,12/09/2025,18:14:00,Afternoon,Facebook,Carousel,Back to School,No,No,5,0,9,258,89,0,5869,1,5869,18,4,5,1,0,10,Long,28
POST_0225,12/09/2025,18:33:00,Afternoon,Instagram,Image,Back to School,No,No,6,0,1,217,166,0,12008,1.12,13402,308,53,63,42,0,0,Medium,466
POST_0226,12/09/2025,18:51:00,Afternoon,Instagram,Video,Back to School,Yes,Yes,10,90,1,98,123,286,7033,1.44,10129,181,30,40,19,236,29,Short,506
POST_0227,13/09/2025,17:45:00,Afternoon,Facebook,Video,Back to School,No,Yes,5,142,1,52,205,0,7102,1.26,8981,128,29,46,10,251,6,Short,464
POST_0228,14/09/2025,14:16:00,Midday,Twitter/X,Text,Back to School,No,No,3,0,1,179,117,0,5649,1.05,5918,80,26,42,0,0,4,Medium,148
POST_0229,15/09/2025,11:07:00,Midday,TikTok,Text,Back to School,No,Yes,3,0,1,293,65,0,9927,1.19,11846,246,37,56,7,227,0,Long,573
POST_0230,15/09/2025,11:29:00,Midday,Instagram,Image,Back to School,Yes,No,11,0,1,180,143,295,13232,1.59,21060,378,80,81,52,0,13,Medium,591
POST_0231,15/09/2025,16:10:00,Afternoon,Instagram,Video,Back to School,No,Yes,9,67,1,106,198,0,10322,1.25,12880,138,27,32,15,288,23,Medium,500
POST_0232,16/09/2025,12:47:00,Midday,Instagram,Carousel,Back to School,Yes,No,5,0,3,269,205,239,11067,1.69,18669,511,87,115,71,0,7,Long,784
POST_0233,17/09/2025,16:22:00,Afternoon,Facebook,Image,Back to School,Yes,No,2,0,1,109,112,241,11995,1.44,17216,164,37,60,13,0,3,Medium,274
POST_0234,18/09/2025,08:05:00,Morning,TikTok,Image,Back to School,No,Yes,6,0,1,208,221,0,16479,1.07,17681,669,105,185,21,289,21,Medium,1269
POST_0235,18/09/2025,16:04:00,Afternoon,Instagram,Image,Back to School,No,No,11,0,1,105,130,0,6794,1.33,9008,248,43,48,32,0,11,Medium,371
POST_0236,18/09/2025,21:19:00,Evening,Instagram,Carousel,Back to School,Yes,Yes,7,0,10,261,207,316,92740,1.92,178003,5192,1019,1115,584,6004,74,Long,13914
POST_0237,19/09/2025,12:46:00,Midday,Twitter/X,Image,Back to School,No,Yes,2,0,1,197,135,0,7089,1.17,8275,66,27,27,0,143,8,Medium,263
POST_0238,19/09/2025,15:07:00,Afternoon,Instagram,Image,Back to School,No,Yes,7,0,1,96,178,0,12198,1.33,16257,353,73,70,46,369,23,Short,911
POST_0239,20/09/2025,17:24:00,Afternoon,TikTok,Image,Back to School,No,Yes,6,0,1,199,89,0,4003,1.31,5259,149,19,33,3,76,3,Medium,280
POST_0240,20/09/2025,18:32:00,Afternoon,Twitter/X,Image,Back to School,Yes,No,4,0,1,85,194,269,7276,1.81,13203,132,48,53,0,0,0,Short,233
POST_0241,22/09/2025,11:22:00,Midday,Instagram,Video,Back to School,Yes,Yes,14,61,1,61,105,305,15700,1.4,21982,161,35,36,19,442,19,Short,693
POST_0242,22/09/2025,19:45:00,Evening,Facebook,Video,Back to School,No,Yes,6,151,1,159,169,0,6591,1.09,7197,48,11,14,3,159,13,Medium,235
POST_0243,24/09/2025,17:42:00,Afternoon,Twitter/X,Image,Back to School,No,No,3,0,1,170,181,0,4235,1,4235,42,15,18,0,0,1,Medium,75
POST_0244,24/09/2025,22:46:00,Evening,TikTok,Image,Back to School,No,No,7,0,1,244,80,0,22433,1.05,23664,671,77,186,18,0,26,Medium,952
POST_0245,26/09/2025,11:35:00,Midday,TikTok,Video,Back to School,No,Yes,3,15,1,72,136,0,17890,1.51,27069,1961,264,544,64,514,1,Short,3347
POST_0246,26/09/2025,16:40:00,Afternoon,TikTok,Video,Back to School,Yes,No,6,19,1,164,309,197,37054,1.48,54997,2272,284,677,70,0,147,Medium,3303
POST_0247,28/09/2025,13:09:00,Midday,Twitter/X,Video,Back to School,Yes,No,3,175,1,109,160,414,7708,1.5,11597,112,48,54,0,0,5,Medium,214
POST_0248,29/09/2025,19:15:00,Evening,Facebook,Image,Back to School,Yes,Yes,4,0,1,175,188,235,34996,1.27,44614,444,103,164,36,843,65,Medium,1590
POST_0249,29/09/2025,19:52:00,Evening,Twitter/X,Carousel,Back to School,No,No,1,0,6,232,80,0,4942,1,4942,74,25,36,0,0,9,Medium,135
POST_0250,29/09/2025,21:10:00,Evening,Facebook,Text,Back to School,No,No,3,0,1,450,34,0,2808,1,2808,30,6,8,2,0,2,Long,46
POST_0251,29/09/2025,21:56:00,Evening,TikTok,Video,Back to School,No,No,5,18,1,107,279,0,30610,1.16,35531,3022,450,730,83,0,9,Medium,4285
POST_0252,01/10/2025,20:17:00,Evening,TikTok,Video,Fall Collection,Yes,No,4,41,1,181,255,178,32321,1.46,47287,3973,513,922,119,0,88,Medium,5527
POST_0253,03/10/2025,11:11:00,Midday,Instagram,Video,Fall Collection,No,No,5,77,1,186,242,0,7359,1.47,10844,273,49,57,31,0,17,Medium,410
POST_0254,03/10/2025,12:35:00,Midday,Instagram,Video,Fall Collection,Yes,No,14,21,1,141,119,371,15379,1.32,20226,313,54,70,39,0,12,Medium,476
POST_0255,09/10/2025,10:38:00,Morning,Instagram,Carousel,Fall Collection,No,Yes,5,0,5,279,83,0,10430,1,10430,448,89,109,49,226,14,Long,921
POST_0256,09/10/2025,15:40:00,Afternoon,Instagram,Image,Fall Collection,No,No,9,0,1,233,115,0,6929,1.12,7788,351,63,94,45,0,1,Medium,553
POST_0257,09/10/2025,15:47:00,Afternoon,Twitter/X,Video,Fall Collection,No,Yes,1,43,1,95,230,0,10492,1.12,11788,237,84,110,0,317,0,Short,748
POST_0258,11/10/2025,15:05:00,Afternoon,Facebook,Text,Fall Collection,No,No,2,0,1,215,46,0,9502,1.1,10429,85,23,25,7,0,3,Medium,140
POST_0259,12/10/2025,22:52:00,Evening,Instagram,Image,Fall Collection,No,No,13,0,1,215,86,0,16751,1.33,22331,722,132,187,110,0,11,Medium,1151
POST_0260,13/10/2025,21:11:00,Evening,Twitter/X,Video,Fall Collection,No,Yes,2,88,1,128,159,0,7726,1.1,8475,162,64,66,0,150,11,Medium,442
POST_0261,15/10/2025,17:21:00,Afternoon,TikTok,Video,Fall Collection,No,Yes,4,59,1,111,268,0,21234,1.24,26231,2464,415,740,84,610,21,Medium,4313
POST_0262,17/10/2025,17:35:00,Afternoon,Facebook,Image,Fall Collection,No,No,2,0,1,238,167,0,6901,1.14,7850,103,25,40,9,0,23,Medium,177
POST_0263,18/10/2025,15:30:00,Afternoon,Twitter/X,Carousel,Fall Collection,No,Yes,3,0,4,148,200,0,3893,1.3,5063,58,25,24,0,113,3,Medium,220
POST_0264,19/10/2025,16:45:00,Afternoon,Instagram,Text,Fall Collection,No,Yes,12,0,1,345,58,0,9102,1.11,10124,274,58,71,32,122,16,Long,557
POST_0265,20/10/2025,13:25:00,Midday,Twitter/X,Text,Fall Collection,Yes,Yes,4,0,1,384,116,309,3350,1.41,4715,116,35,54,0,61,5,Long,266
POST_0266,20/10/2025,17:59:00,Afternoon,Instagram,Carousel,Fall Collection,No,No,6,0,9,240,88,0,8441,1,8441,286,47,64,34,0,24,Medium,431
POST_0267,21/10/2025,13:41:00,Midday,Twitter/X,Video,Fall Collection,No,No,4,56,1,187,162,0,4995,1.12,5615,85,33,39,0,0,4,Medium,157
POST_0268,21/10/2025,17:54:00,Afternoon,Instagram,Image,Fall Collection,Yes,No,8,0,1,206,139,248,32289,1.53,49314,1859,348,448,230,0,37,Medium,2885
POST_0269,22/10/2025,21:41:00,Evening,Instagram,Image,Fall Collection,No,No,9,0,1,179,84,0,11526,1.15,13220,430,90,116,51,0,13,Medium,687
POST_0270,23/10/2025,17:31:00,Afternoon,TikTok,Video,Fall Collection,No,No,4,49,1,100,246,0,10522,1.17,12342,1203,183,326,34,0,42,Short,1746
POST_0271,24/10/2025,18:21:00,Afternoon,Instagram,Carousel,Fall Collection,Yes,Yes,9,0,8,171,184,372,57065,1.26,71850,2212,423,479,275,2267,43,Medium,5656
POST_0272,25/10/2025,13:14:00,Midday,Facebook,Carousel,Fall Collection,No,No,6,0,5,247,120,0,4670,1.24,5809,108,31,37,9,0,5,Medium,185
POST_0273,26/10/2025,13:39:00,Midday,Instagram,Image,Fall Collection,Yes,No,5,0,1,206,140,248,24180,1.42,34282,968,188,256,138,0,25,Medium,1550
POST_0274,27/10/2025,12:32:00,Midday,Instagram,Text,Fall Collection,No,No,15,0,1,389,69,0,9049,1.03,9340,188,34,50,24,0,11,Long,296
POST_0275,27/10/2025,13:23:00,Midday,TikTok,Video,Fall Collection,No,Yes,6,57,1,162,154,0,8323,1.37,11434,913,161,276,25,248,8,Medium,1623
POST_0276,27/10/2025,18:48:00,Afternoon,TikTok,Video,Fall Collection,No,Yes,4,15,1,190,196,0,35777,1,35777,2212,296,613,66,1070,9,Medium,4257
POST_0277,27/10/2025,20:23:00,Evening,Twitter/X,Carousel,Fall Collection,No,No,4,0,9,141,161,0,7995,1.13,9064,52,21,28,0,0,5,Medium,101
POST_0278,29/10/2025,11:07:00,Midday,Facebook,Carousel,Fall Collection,No,No,5,0,6,108,86,0,5857,1,5885,74,20,24,5,0,14,Medium,123
POST_0279,30/10/2025,10:24:00,Morning,Facebook,Image,Fall Collection,No,Yes,3,0,1,114,66,0,39584,1.06,42156,499,122,191,36,915,32,Medium,1763
POST_0280,30/10/2025,16:53:00,Afternoon,Twitter/X,Text,Fall Collection,No,No,3,0,1,375,43,0,3263,1.14,3705,66,27,27,0,0,6,Long,120
POST_0281,30/10/2025,17:01:00,Afternoon,Twitter/X,Text,Fall Collection,Yes,No,1,0,1,493,54,346,28062,1.79,50276,946,336,402,0,0,7,Long,1684
POST_0282,30/10/2025,19:56:00,Evening,Twitter/X,Image,Fall Collection,Yes,No,2,0,1,234,92,285,25835,1.59,41083,693,223,326,0,0,61,Medium,1242
POST_0283,31/10/2025,10:14:00,Morning,TikTok,Video,Fall Collection,Yes,Yes,3,42,1,83,248,282,28637,1.55,44442,3600,595,857,115,1279,38,Short,6446
POST_0284,31/10/2025,15:34:00,Afternoon,Instagram,Image,Fall Collection,No,No,6,0,1,225,140,0,5193,1.06,5503,174,40,46,22,0,0,Medium,282
POST_0285,31/10/2025,19:32:00,Evening,TikTok,Carousel,Fall Collection,No,No,3,0,10,180,77,0,37147,1.12,41546,1062,141,278,27,0,75,Medium,1508
POST_0286,02/11/2025,07:28:00,Morning,Instagram,Video,Fall Collection,No,Yes,7,35,1,142,127,0,6172,1.33,8198,344,58,86,43,216,7,Medium,747
POST_0287,02/11/2025,13:51:00,Midday,Instagram,Text,Fall Collection,Yes,No,15,0,1,495,118,370,45613,1.71,78145,228,47,57,32,0,20,Long,364
POST_0288,04/11/2025,16:06:00,Afternoon,Instagram,Image,Fall Collection,No,No,13,0,1,237,77,0,6876,1.15,7936,231,41,49,29,0,20,Medium,350
POST_0289,04/11/2025,16:39:00,Afternoon,Twitter/X,Video,Fall Collection,No,Yes,4,47,1,108,286,0,3133,1.29,4028,97,41,47,0,95,3,Medium,280
POST_0290,04/11/2025,18:14:00,Afternoon,Twitter/X,Carousel,Fall Collection,No,Yes,1,0,7,265,277,0,8003,1.24,9952,68,25,29,0,267,5,Long,389
POST_0291,05/11/2025,14:31:00,Midday,Instagram,Image,Fall Collection,No,No,7,0,1,199,143,0,8457,1.21,10238,522,91,117,52,0,13,Medium,782
POST_0292,10/11/2025,09:11:00,Morning,TikTok,Text,Fall Collection,Yes,No,4,0,1,167,63,363,47160,1.5,70594,1475,221,403,47,0,215,Medium,2146
POST_0293,11/11/2025,12:24:00,Midday,Instagram,Video,Fall Collection,No,No,12,57,1,84,208,0,15514,1,15514,348,76,86,51,0,16,Short,561
POST_0294,11/11/2025,16:20:00,Afternoon,Twitter/X,Carousel,Fall Collection,No,No,4,0,7,248,253,0,9181,1.02,9362,196,63,97,0,0,10,Medium,356
POST_0295,11/11/2025,22:01:00,Evening,Instagram,Image,Fall Collection,No,Yes,14,0,1,170,65,0,9308,1.15,10677,236,42,50,27,258,11,Medium,613
POST_0296,11/11/2025,22:59:00,Evening,TikTok,Video,Fall Collection,No,No,5,56,1,125,347,0,22786,1,22786,1920,299,493,56,0,38,Medium,2768
POST_0297,12/11/2025,20:32:00,Evening,TikTok,Video,Fall Collection,No,Yes,4,60,1,99,195,0,11526,1.14,13169,1029,174,331,36,398,26,Short,1968
POST_0298,16/11/2025,12:07:00,Midday,Twitter/X,Carousel,Fall Collection,No,No,2,0,5,271,78,0,6668,1.18,7841,84,30,42,0,0,5,Long,156
POST_0299,16/11/2025,16:37:00,Afternoon,Facebook,Video,Fall Collection,No,Yes,2,93,1,177,138,0,36803,1.16,42749,881,205,291,80,1284,24,Medium,2741
POST_0300,17/11/2025,16:24:00,Afternoon,TikTok,Video,Fall Collection,Yes,Yes,8,24,1,91,156,423,3882,1.47,5700,422,56,107,10,110,0,Short,705
POST_0301,17/11/2025,18:05:00,Afternoon,Twitter/X,Carousel,Fall Collection,Yes,Yes,1,0,6,139,172,349,20770,1.74,36134,90,38,48,0,1222,6,Medium,1398
POST_0302,17/11/2025,18:52:00,Afternoon,Instagram,Text,Fall Collection,No,Yes,14,0,1,276,36,0,13814,1.11,15329,115,19,24,11,286,0,Long,455
POST_0303,18/11/2025,14:20:00,Midday,Twitter/X,Image,Fall Collection,Yes,No,4,0,1,117,189,332,15567,1.52,23711,478,176,173,0,0,3,Medium,827
POST_0304,18/11/2025,15:35:00,Afternoon,TikTok,Carousel,Fall Collection,No,Yes,3,0,6,248,78,0,30280,1.25,37742,323,58,103,8,1331,42,Medium,1823
POST_0305,19/11/2025,16:56:00,Afternoon,Instagram,Carousel,Fall Collection,No,No,8,0,10,168,281,0,9737,1.15,11157,286,52,71,35,0,8,Medium,444
POST_0306,20/11/2025,17:29:00,Afternoon,Instagram,Carousel,Fall Collection,No,Yes,5,0,9,133,212,0,9878,1.38,13602,611,105,138,78,465,3,Medium,1397
POST_0307,20/11/2025,21:05:00,Evening,Twitter/X,Video,Fall Collection,No,Yes,4,53,1,106,346,0,5427,1.03,5585,108,38,48,0,130,7,Medium,324
POST_0308,22/11/2025,16:20:00,Afternoon,TikTok,Image,Fall Collection,No,Yes,3,0,1,214,85,0,10655,1.12,11974,43,5,9,1,175,16,Medium,233
POST_0309,22/11/2025,22:30:00,Evening,Twitter/X,Carousel,Fall Collection,No,No,3,0,8,161,191,0,6198,1.11,6869,100,38,47,0,0,2,Medium,185
POST_0310,24/11/2025,15:13:00,Afternoon,TikTok,Video,Fall Collection,No,No,3,24,1,121,112,0,24967,1.19,29720,3084,393,812,79,0,18,Medium,4368
POST_0311,24/11/2025,18:09:00,Afternoon,Facebook,Video,Fall Collection,No,No,3,34,1,162,217,0,7656,1.13,8649,185,49,67,16,0,12,Medium,317
POST_0312,25/11/2025,15:24:00,Afternoon,Facebook,Video,Fall Collection,No,Yes,2,121,1,67,201,0,9273,1.08,9995,150,41,58,12,227,14,Short,488
POST_0313,27/11/2025,14:06:00,Midday,Twitter/X,Video,Fall Collection,No,No,2,140,1,165,173,0,7467,1.01,7559,115,45,50,0,0,6,Medium,210
POST_0314,27/11/2025,14:25:00,Midday,Twitter/X,Video,Fall Collection,No,Yes,3,90,1,178,253,0,7324,1,7324,102,38,47,0,131,0,Medium,318
POST_0315,27/11/2025,16:28:00,Afternoon,TikTok,Video,Fall Collection,No,No,7,58,1,163,150,0,20737,1.6,33077,3669,512,866,113,0,15,Medium,5160
POST_0316,28/11/2025,17:30:00,Afternoon,Facebook,Image,Fall Collection,No,No,6,0,1,158,83,0,8207,1.08,8873,124,34,41,9,0,4,Medium,208
POST_0317,30/11/2025,21:24:00,Evening,Twitter/X,Carousel,Fall Collection,No,Yes,4,0,5,258,195,0,8822,1.25,11050,145,50,73,0,387,1,Long,655
POST_0318,02/12/2025,12:50:00,Midday,Facebook,Carousel,Holiday Magic,No,No,2,0,4,211,163,0,1612,1,1612,38,10,11,3,0,16,Medium,62
POST_0319,02/12/2025,13:19:00,Midday,Instagram,Video,Holiday Magic,No,No,7,21,1,142,116,0,14497,1.13,16357,705,130,143,72,0,7,Medium,1050
POST_0320,02/12/2025,21:39:00,Evening,Instagram,Image,Holiday Magic,No,No,13,0,1,200,145,0,7514,1.4,10491,619,101,116,81,0,6,Medium,917
POST_0321,04/12/2025,12:58:00,Midday,Instagram,Video,Holiday Magic,Yes,No,14,87,1,123,254,594,49854,1.69,84486,3449,635,695,365,0,51,Medium,5144
POST_0322,04/12/2025,22:50:00,Evening,Twitter/X,Image,Holiday Magic,No,Yes,3,0,1,179,130,0,14692,1.29,18970,322,139,168,0,278,3,Medium,907
POST_0323,05/12/2025,06:27:00,Morning,Facebook,Video,Holiday Magic,No,No,5,147,1,59,104,0,10323,1.2,12377,328,86,93,25,0,0,Short,532
POST_0324,05/12/2025,12:19:00,Midday,Twitter/X,Text,Holiday Magic,No,No,3,0,1,155,50,0,30703,1.27,38964,1431,586,608,0,0,7,Medium,2625
POST_0325,05/12/2025,20:09:00,Evening,Instagram,Image,Holiday Magic,Yes,Yes,5,0,1,165,88,705,33085,1.58,52178,1790,402,428,266,1339,25,Medium,4225
POST_0326,07/12/2025,13:26:00,Midday,Twitter/X,Image,Holiday Magic,No,No,2,0,1,176,141,0,8199,1.02,8347,130,37,46,0,0,4,Medium,213
POST_0327,08/12/2025,06:04:00,Morning,TikTok,Text,Holiday Magic,No,No,6,0,1,444,34,0,13379,1.38,18396,327,50,92,9,0,5,Long,478
POST_0328,08/12/2025,13:17:00,Midday,Instagram,Carousel,Holiday Magic,Yes,Yes,11,0,5,202,199,312,45176,1.43,64626,3423,546,839,480,2023,102,Medium,7311
POST_0329,08/12/2025,20:10:00,Evening,TikTok,Video,Holiday Magic,No,No,4,39,1,50,271,0,21565,1,21565,2507,353,739,83,0,14,Short,3682
POST_0330,09/12/2025,12:00:00,Midday,Instagram,Carousel,Holiday Magic,Yes,No,10,0,4,231,131,673,21821,1.61,35103,1212,212,239,137,0,2,Medium,1800
POST_0331,11/12/2025,11:12:00,Midday,Instagram,Image,Holiday Magic,No,No,12,0,1,122,183,0,14812,1.07,15811,612,122,134,75,0,11,Medium,943
POST_0332,11/12/2025,18:47:00,Afternoon,Instagram,Carousel,Holiday Magic,No,No,15,0,9,126,160,0,14242,1.15,16435,960,185,223,121,0,1,Medium,1489
POST_0333,14/12/2025,17:55:00,Afternoon,Facebook,Image,Holiday Magic,No,No,4,0,1,150,75,0,7142,1.05,7532,103,22,33,8,0,16,Medium,166
POST_0334,15/12/2025,07:18:00,Morning,Instagram,Video,Holiday Magic,Yes,No,14,78,1,190,123,588,20403,1.7,34642,1014,200,250,121,0,12,Medium,1585
POST_0335,15/12/2025,13:33:00,Midday,TikTok,Image,Holiday Magic,Yes,No,4,0,1,203,159,708,37544,2.12,79738,4075,558,829,122,0,83,Medium,5584
POST_0336,15/12/2025,20:47:00,Evening,Twitter/X,Text,Holiday Magic,Yes,No,2,0,1,182,71,381,23486,1.41,33196,897,332,414,0,0,8,Medium,1643
POST_0337,16/12/2025,15:42:00,Afternoon,Facebook,Text,Holiday Magic,No,Yes,2,0,1,214,45,0,20708,1.18,24397,325,81,129,24,280,0,Medium,839
POST_0338,17/12/2025,21:12:00,Evening,Facebook,Video,Holiday Magic,No,No,6,94,1,193,240,0,5515,1.13,6213,145,36,51,11,0,0,Medium,243
POST_0339,18/12/2025,08:04:00,Morning,Twitter/X,Text,Holiday Magic,No,No,1,0,1,351,82,0,5905,1.06,6269,115,45,54,0,0,10,Long,214
POST_0340,18/12/2025,11:51:00,Midday,TikTok,Image,Holiday Magic,Yes,No,8,0,1,166,125,468,77261,1.33,102818,4619,670,1224,124,0,94,Medium,6637
POST_0341,18/12/2025,11:59:00,Midday,TikTok,Image,Holiday Magic,Yes,Yes,6,0,1,130,162,657,84031,1.36,114124,1512,199,392,51,1758,190,Medium,3912
POST_0342,19/12/2025,11:19:00,Midday,Twitter/X,Image,Holiday Magic,No,Yes,4,0,1,92,76,0,8380,1.13,9436,228,90,118,0,203,7,Short,639
POST_0343,21/12/2025,13:48:00,Midday,Facebook,Video,Holiday Magic,No,No,5,166,1,109,322,0,14882,1.14,16911,396,105,136,32,0,12,Medium,669
POST_0344,22/12/2025,09:17:00,Morning,Instagram,Carousel,Holiday Magic,No,No,14,0,10,173,150,0,6497,1.18,7640,412,76,97,52,0,4,Medium,637
POST_0345,22/12/2025,15:26:00,Afternoon,Twitter/X,Carousel,Holiday Magic,No,Yes,3,0,6,167,204,0,8912,1.02,9079,168,69,87,0,179,10,Medium,503
POST_0346,23/12/2025,06:50:00,Morning,Facebook,Carousel,Holiday Magic,No,Yes,5,0,4,101,83,0,11808,1.05,12404,275,74,86,24,404,4,Medium,863
POST_0347,23/12/2025,16:55:00,Afternoon,Instagram,Carousel,Holiday Magic,No,No,11,0,5,267,133,0,8418,1,8418,539,80,107,67,0,20,Long,793
POST_0348,23/12/2025,18:22:00,Afternoon,TikTok,Image,Holiday Magic,No,No,5,0,1,117,168,0,29062,1.11,32333,1034,153,237,26,0,14,Medium,1450
POST_0349,25/12/2025,14:36:00,Midday,TikTok,Video,Holiday Magic,No,No,6,50,1,192,261,0,46009,1.08,49527,6339,1041,1673,196,0,93,Medium,9249
POST_0350,25/12/2025,20:06:00,Evening,Instagram,Video,Holiday Magic,No,No,5,43,1,197,282,0,14150,1.16,16390,1066,166,236,134,0,1,Medium,1602
POST_0351,26/12/2025,12:27:00,Midday,TikTok,Carousel,Holiday Magic,No,No,5,0,5,141,211,0,19350,1.26,24431,565,74,124,12,0,6,Medium,775
POST_0352,26/12/2025,16:48:00,Afternoon,TikTok,Carousel,Holiday Magic,No,No,3,0,6,300,136,0,38008,1.43,54176,1859,254,442,56,0,54,Long,2611
POST_0353,26/12/2025,18:26:00,Afternoon,Instagram,Carousel,Holiday Magic,Yes,Yes,9,0,4,153,138,466,57903,1.48,85756,2751,603,702,427,1830,82,Medium,6313
POST_0354,27/12/2025,13:13:00,Midday,Twitter/X,Video,Holiday Magic,Yes,No,1,40,1,200,157,503,33325,1.55,51516,1566,523,690,0,0,16,Medium,2779
POST_0355,27/12/2025,16:18:00,Afternoon,TikTok,Text,Holiday Magic,Yes,No,8,0,1,413,38,358,32124,1.9,61066,1552,202,372,46,0,91,Long,2172
POST_0356,29/12/2025,14:04:00,Midday,Twitter/X,Carousel,Holiday Magic,No,No,4,0,3,109,148,0,13419,1.12,14962,158,56,86,0,0,6,Medium,300
POST_0357,29/12/2025,18:32:00,Afternoon,Twitter/X,Carousel,Holiday Magic,No,Yes,3,0,4,143,117,0,11393,1,11425,183,65,102,0,401,4,Medium,751
POST_0358,29/12/2025,18:41:00,Afternoon,Twitter/X,Image,Holiday Magic,Yes,No,3,0,1,114,200,400,106311,1.41,149522,3556,1354,1561,0,0,39,Medium,6471
POST_0359,30/12/2025,06:23:00,Morning,Facebook,Video,Holiday Magic,No,No,4,169,1,94,354,0,2847,1.04,2974,55,13,19,4,0,16,Short,91
POST_0360,31/12/2025,07:08:00,Morning,TikTok,Carousel,Holiday Magic,Yes,No,4,0,3,191,149,562,96106,1.28,122978,5040,646,1144,144,0,20,Medium,6974
POST_0361,31/12/2025,18:33:00,Afternoon,Twitter/X,Carousel,Holiday Magic,No,No,2,0,4,213,170,0,5578,1.2,6719,122,39,63,0,0,5,Medium,224
POST_0362,31/12/2025,19:33:00,Evening,TikTok,Image,Holiday Magic,Yes,No,3,0,1,220,123,568,75589,1.72,129782,2546,359,727,69,0,17,Medium,3701
POST_0363,01/01/2026,15:00:00,Afternoon,Instagram,Carousel,New Year Reset,No,Yes,10,0,5,243,99,0,10438,1.38,14396,571,118,146,62,358,16,Medium,1255
POST_0364,03/01/2026,20:40:00,Evening,TikTok,Text,New Year Reset,Yes,No,4,0,1,327,65,279,50596,1.23,62061,897,139,221,23,0,45,Long,1280
POST_0365,04/01/2026,18:32:00,Afternoon,TikTok,Carousel,New Year Reset,No,Yes,6,0,3,247,273,0,16581,1,16581,57,7,14,1,597,41,Medium,676
POST_0366,06/01/2026,16:10:00,Afternoon,TikTok,Video,New Year Reset,No,No,4,58,1,133,106,0,67484,1,67484,3466,474,1058,115,0,46,Medium,5113
POST_0367,06/01/2026,18:24:00,Afternoon,Instagram,Image,New Year Reset,No,Yes,6,0,1,164,211,0,13691,1.54,21062,697,144,155,100,447,14,Medium,1543
POST_0368,08/01/2026,12:31:00,Midday,TikTok,Video,New Year Reset,No,Yes,6,32,1,165,185,0,26446,1.16,30702,2590,390,684,77,793,30,Medium,4534
POST_0369,09/01/2026,18:45:00,Afternoon,Instagram,Video,New Year Reset,Yes,No,12,17,1,177,191,216,17397,1.49,25973,552,104,132,62,0,13,Medium,850
POST_0370,09/01/2026,22:37:00,Evening,TikTok,Video,New Year Reset,Yes,Yes,8,19,1,197,134,250,68014,1.68,114039,6652,1082,1847,234,2531,70,Medium,12346
POST_0371,10/01/2026,18:51:00,Afternoon,TikTok,Video,New Year Reset,Yes,Yes,3,59,1,98,106,288,18472,1.59,29327,2083,315,474,54,717,10,Short,3643
POST_0372,10/01/2026,21:50:00,Evening,Instagram,Video,New Year Reset,No,Yes,7,80,1,199,265,0,7629,1.32,10087,320,62,64,39,290,0,Medium,775
POST_0373,11/01/2026,19:07:00,Evening,Twitter/X,Image,New Year Reset,No,No,2,0,1,90,142,0,5041,1.05,5282,54,19,28,0,0,6,Short,101
POST_0374,12/01/2026,12:00:00,Midday,Instagram,Text,New Year Reset,Yes,Yes,15,0,1,344,85,225,13830,1.62,22414,358,71,77,41,376,19,Long,923
POST_0375,12/01/2026,14:31:00,Midday,Twitter/X,Image,New Year Reset,Yes,No,3,0,1,190,73,259,14120,1.77,24932,328,127,169,0,0,0,Medium,624
POST_0376,12/01/2026,17:50:00,Afternoon,TikTok,Video,New Year Reset,No,Yes,4,59,1,181,129,0,31735,1.1,34910,3039,434,872,77,666,35,Medium,5088
POST_0377,13/01/2026,11:35:00,Midday,Twitter/X,Video,New Year Reset,No,Yes,1,152,1,198,198,0,7150,1,7150,107,45,50,0,170,10,Medium,372
POST_0378,13/01/2026,12:53:00,Midday,Twitter/X,Carousel,New Year Reset,No,No,1,0,9,193,171,0,3048,1.36,4132,11,4,4,0,0,5,Medium,19
POST_0379,14/01/2026,07:05:00,Morning,Instagram,Image,New Year Reset,Yes,Yes,14,0,1,140,198,210,15721,1.55,24442,1132,201,260,110,404,12,Medium,2107
POST_0380,15/01/2026,13:18:00,Midday,Twitter/X,Carousel,New Year Reset,Yes,Yes,1,0,5,134,151,296,17410,1.43,24909,262,90,107,0,894,0,Medium,1353
POST_0381,16/01/2026,06:19:00,Morning,Twitter/X,Video,New Year Reset,No,Yes,3,113,1,156,158,0,5222,1.11,5780,40,13,17,0,124,7,Medium,194
POST_0382,16/01/2026,08:33:00,Morning,Instagram,Image,New Year Reset,Yes,No,13,0,1,227,133,302,11437,1.74,19845,192,44,51,29,0,14,Medium,316
POST_0383,16/01/2026,17:30:00,Afternoon,Instagram,Carousel,New Year Reset,No,No,5,0,5,212,238,0,10307,1,10307,222,37,53,28,0,6,Medium,340
POST_0384,16/01/2026,17:36:00,Afternoon,Instagram,Video,New Year Reset,No,No,6,44,1,75,273,0,7823,1.23,9633,261,47,56,30,0,8,Short,394
POST_0385,18/01/2026,21:26:00,Evening,TikTok,Image,New Year Reset,No,Yes,8,0,1,160,120,0,20747,1.34,27711,432,69,117,12,456,6,Medium,1086
POST_0386,19/01/2026,10:12:00,Morning,Facebook,Image,New Year Reset,No,No,3,0,1,140,68,0,6977,1,6977,73,19,25,5,0,0,Medium,122
POST_0387,19/01/2026,18:30:00,Afternoon,TikTok,Video,New Year Reset,Yes,Yes,3,35,1,185,145,326,2610,1.42,3706,388,48,81,10,81,20,Medium,608
POST_0388,20/01/2026,19:12:00,Evening,Instagram,Video,New Year Reset,Yes,Yes,12,70,1,79,244,132,43518,1.41,61478,1768,360,453,193,1162,34,Short,3936
POST_0389,20/01/2026,19:15:00,Evening,TikTok,Image,New Year Reset,Yes,No,7,0,1,221,140,269,93900,1.28,119966,3962,529,959,136,0,94,Medium,5586
POST_0390,22/01/2026,08:15:00,Morning,Instagram,Carousel,New Year Reset,No,No,6,0,9,108,80,0,8801,1.13,9938,370,68,89,47,0,24,Medium,574
POST_0391,22/01/2026,14:26:00,Midday,Instagram,Video,New Year Reset,No,No,12,26,1,127,217,0,9109,1.02,9333,441,99,124,59,0,2,Medium,723
POST_0392,22/01/2026,20:43:00,Evening,Twitter/X,Text,New Year Reset,Yes,No,4,0,1,407,68,337,10492,1.88,19743,315,101,149,0,0,6,Long,565
POST_0393,23/01/2026,19:53:00,Evening,Facebook,Text,New Year Reset,No,No,5,0,1,220,49,0,7873,1.03,8085,42,11,13,3,0,7,Medium,69
POST_0394,23/01/2026,20:34:00,Evening,Instagram,Carousel,New Year Reset,No,No,10,0,4,280,195,0,9024,1.23,11117,380,65,74,50,0,8,Long,569
POST_0395,24/01/2026,12:47:00,Midday,TikTok,Video,New Year Reset,No,No,6,38,1,106,180,0,6501,1.24,8079,448,62,131,15,0,0,Medium,656
POST_0396,25/01/2026,12:07:00,Midday,Facebook,Text,New Year Reset,Yes,Yes,6,0,1,160,44,273,19197,1.24,23826,171,50,56,14,436,5,Medium,727
POST_0397,25/01/2026,15:23:00,Afternoon,TikTok,Text,New Year Reset,No,No,4,0,1,265,51,0,13031,1.2,15672,454,61,111,13,0,41,Long,639
POST_0398,25/01/2026,18:29:00,Afternoon,TikTok,Video,New Year Reset,No,Yes,5,29,1,173,267,0,8291,1.21,10064,548,82,152,15,315,16,Medium,1112
POST_0399,26/01/2026,20:10:00,Evening,Instagram,Video,New Year Reset,No,Yes,13,37,1,60,333,0,3608,1.37,4945,154,24,30,15,157,6,Short,380
POST_0400,28/01/2026,17:56:00,Afternoon,Facebook,Carousel,New Year Reset,No,No,2,0,3,237,172,0,6948,1.06,7385,71,16,22,5,0,11,Medium,114
POST_0401,29/01/2026,21:55:00,Evening,Facebook,Image,New Year Reset,No,No,5,0,1,110,106,0,3722,1.01,3777,46,12,15,3,0,3,Medium,76
POST_0402,31/01/2026,16:21:00,Afternoon,Instagram,Carousel,New Year Reset,No,Yes,15,0,9,133,88,0,11122,1.18,13122,405,77,93,51,420,12,Medium,1046
POST_0403,01/02/2026,08:40:00,Morning,Facebook,Image,New Year Reset,Yes,Yes,4,0,1,192,72,211,15411,1.23,19022,148,32,49,12,328,17,Medium,569
POST_0404,01/02/2026,10:26:00,Morning,Instagram,Image,New Year Reset,Yes,No,5,0,1,208,224,212,22494,1.23,27714,1162,209,290,168,0,13,Medium,1829
POST_0405,01/02/2026,11:35:00,Midday,TikTok,Video,New Year Reset,No,Yes,6,40,1,68,205,0,14014,1.09,15333,1036,144,225,26,450,1,Short,1881
POST_0406,01/02/2026,12:00:00,Midday,TikTok,Carousel,New Year Reset,Yes,Yes,4,0,5,122,205,301,59902,1.74,104515,699,104,180,23,2048,10,Medium,3054
POST_0407,01/02/2026,17:38:00,Afternoon,Twitter/X,Image,New Year Reset,Yes,No,4,0,1,163,106,285,14613,1.49,21785,445,155,252,0,0,7,Medium,852
POST_0408,01/02/2026,18:55:00,Afternoon,Twitter/X,Carousel,New Year Reset,No,Yes,4,0,8,127,126,0,6772,1.19,8049,78,27,37,0,276,5,Medium,418
POST_0409,02/02/2026,10:17:00,Morning,Twitter/X,Text,New Year Reset,No,No,1,0,1,294,44,0,1915,1.22,2342,39,15,19,0,0,7,Long,73
POST_0410,02/02/2026,11:12:00,Midday,Instagram,Video,New Year Reset,Yes,No,11,77,1,184,184,364,126135,1.72,216697,4516,912,1111,533,0,75,Medium,7072
POST_0411,02/02/2026,13:51:00,Midday,Facebook,Text,New Year Reset,No,No,3,0,1,485,55,0,5010,1,5010,65,17,20,4,0,2,Long,106
POST_0412,03/02/2026,07:16:00,Morning,Instagram,Video,New Year Reset,No,Yes,14,41,1,137,193,0,10128,1.08,10919,287,49,74,30,294,3,Medium,734
POST_0413,03/02/2026,22:17:00,Evening,Twitter/X,Image,New Year Reset,Yes,Yes,1,0,1,205,97,140,19820,1.48,29385,515,194,201,0,582,7,Medium,1492
POST_0414,04/02/2026,12:02:00,Midday,TikTok,Video,New Year Reset,No,No,4,54,1,103,352,0,7341,1.24,9138,487,70,119,14,0,35,Medium,690
POST_0415,04/02/2026,13:29:00,Midday,TikTok,Video,New Year Reset,Yes,No,4,33,1,139,180,389,64132,2,128559,11492,1414,2748,320,0,32,Medium,15974
POST_0416,04/02/2026,17:37:00,Afternoon,Instagram,Carousel,New Year Reset,No,Yes,7,0,10,116,250,0,14153,1,14153,632,123,150,79,286,22,Medium,1270
POST_0417,08/02/2026,12:42:00,Midday,TikTok,Video,New Year Reset,Yes,No,7,26,1,159,245,199,886,1.57,1389,125,18,31,3,0,40,Medium,177
POST_0418,09/02/2026,08:39:00,Morning,TikTok,Carousel,New Year Reset,No,Yes,5,0,9,183,258,0,297,1.14,337,7,1,1,0,7,40,Medium,16
POST_0419,09/02/2026,15:48:00,Afternoon,Twitter/X,Video,New Year Reset,No,Yes,1,104,1,127,109,0,6932,1.21,8365,126,51,50,0,166,10,Medium,393
POST_0420,09/02/2026,22:20:00,Evening,Twitter/X,Text,New Year Reset,No,No,1,0,1,270,89,0,4182,1,4182,75,24,36,0,0,5,Long,135
POST_0421,10/02/2026,06:21:00,Morning,Facebook,Video,New Year Reset,Yes,No,3,164,1,161,101,293,19156,1.73,33218,478,125,149,38,0,5,Medium,790
POST_0422,10/02/2026,22:39:00,Evening,Instagram,Carousel,New Year Reset,No,No,10,0,8,226,179,0,9232,1,9232,408,65,79,47,0,17,Medium,599
POST_0423,11/02/2026,07:24:00,Morning,Twitter/X,Image,New Year Reset,No,No,1,0,1,249,223,0,4257,1.12,4769,62,21,25,0,0,6,Medium,108
POST_0424,11/02/2026,18:49:00,Afternoon,TikTok,Video,New Year Reset,No,No,4,45,1,174,138,0,3988,1,3988,223,36,53,7,0,3,Medium,319
POST_0425,11/02/2026,20:33:00,Evening,Twitter/X,Carousel,New Year Reset,Yes,Yes,4,0,8,137,204,285,18949,1.56,29539,257,105,137,0,927,12,Medium,1426
POST_0426,11/02/2026,20:47:00,Evening,TikTok,Text,New Year Reset,Yes,Yes,8,0,1,159,116,346,52252,1.51,79017,249,41,79,8,898,26,Medium,1275
POST_0427,12/02/2026,19:35:00,Evening,Facebook,Video,New Year Reset,No,No,5,152,1,101,208,0,11194,1.18,13153,162,33,51,12,0,3,Medium,258
POST_0428,14/02/2026,16:51:00,Afternoon,Instagram,Carousel,New Year Reset,No,Yes,8,0,3,151,88,0,7391,1.23,9106,296,61,69,32,277,10,Medium,735
POST_0429,16/02/2026,10:30:00,Morning,Twitter/X,Video,New Year Reset,Yes,No,1,115,1,89,205,247,20490,1.28,26254,164,59,76,0,0,3,Short,299
POST_0430,16/02/2026,12:16:00,Midday,Facebook,Image,New Year Reset,No,Yes,5,0,1,128,122,0,4550,1.16,5296,42,11,14,3,84,5,Medium,154
POST_0431,16/02/2026,17:49:00,Afternoon,Instagram,Video,New Year Reset,Yes,No,15,22,1,65,238,242,53984,1.64,88771,1581,352,418,221,0,46,Short,2572
POST_0432,17/02/2026,11:38:00,Midday,Instagram,Carousel,New Year Reset,No,No,10,0,6,151,77,0,34301,1.09,37224,1426,260,268,187,0,13,Medium,2141
POST_0433,18/02/2026,18:24:00,Afternoon,TikTok,Carousel,New Year Reset,No,No,3,0,3,290,158,0,1736,1.27,2197,58,7,12,1,0,22,Long,78
POST_0434,19/02/2026,11:02:00,Midday,TikTok,Video,New Year Reset,No,No,4,48,1,155,156,0,19797,1.27,25234,2070,285,457,61,0,6,Medium,2873
POST_0435,20/02/2026,15:42:00,Afternoon,TikTok,Video,New Year Reset,No,No,7,18,1,149,355,0,14186,1.48,21006,891,119,194,22,0,35,Medium,1226
POST_0436,20/02/2026,18:41:00,Afternoon,Instagram,Image,New Year Reset,Yes,Yes,7,0,1,130,174,270,36699,1.47,54122,1931,330,430,273,926,11,Medium,3890
POST_0437,20/02/2026,22:37:00,Evening,Twitter/X,Video,New Year Reset,No,Yes,4,134,1,121,129,0,7291,1.24,9013,175,59,77,0,290,8,Medium,601
POST_0438,21/02/2026,10:29:00,Morning,Facebook,Video,New Year Reset,Yes,No,3,33,1,79,126,362,25542,1.32,33697,660,153,184,49,0,6,Short,1046
POST_0439,21/02/2026,20:01:00,Evening,Twitter/X,Text,New Year Reset,Yes,No,2,0,1,338,104,320,27117,1.56,42235,664,295,366,0,0,35,Long,1325
POST_0440,22/02/2026,14:17:00,Midday,Instagram,Text,New Year Reset,Yes,No,6,0,1,229,34,415,27921,1.89,52837,359,55,71,37,0,7,Medium,522
POST_0441,23/02/2026,06:54:00,Morning,TikTok,Video,New Year Reset,No,Yes,4,29,1,56,172,0,23527,1.17,27593,2553,431,686,80,764,3,Short,4514
POST_0442,24/02/2026,15:13:00,Afternoon,Facebook,Image,New Year Reset,Yes,Yes,4,0,1,181,85,148,103115,1.71,176834,2142,580,666,178,4181,49,Medium,7747
POST_0443,24/02/2026,16:00:00,Afternoon,Instagram,Carousel,New Year Reset,No,No,14,0,10,143,153,0,7611,1.27,9659,231,42,44,24,0,14,Medium,341
POST_0444,24/02/2026,19:40:00,Evening,Facebook,Video,New Year Reset,No,Yes,3,152,1,89,329,0,5563,1.14,6354,57,14,19,4,174,7,Short,268
POST_0445,25/02/2026,07:35:00,Morning,TikTok,Image,New Year Reset,No,Yes,4,0,1,197,152,0,27791,1.03,28528,1174,164,306,29,565,22,Medium,2238
POST_0446,25/02/2026,16:54:00,Afternoon,Twitter/X,Text,New Year Reset,No,Yes,3,0,1,294,83,0,5405,1,5405,99,37,48,0,79,14,Long,263
POST_0447,27/02/2026,08:41:00,Morning,Instagram,Carousel,New Year Reset,No,No,13,0,5,241,134,0,8173,1.14,9337,261,53,63,29,0,4,Medium,406
POST_0448,27/02/2026,12:36:00,Midday,Instagram,Carousel,New Year Reset,Yes,Yes,8,0,6,288,90,292,13417,1.56,20869,737,122,181,89,468,0,Long,1597
POST_0449,27/02/2026,16:32:00,Afternoon,TikTok,Image,New Year Reset,No,No,7,0,1,202,213,0,18017,1,18017,606,95,151,14,0,27,Medium,866
POST_0450,01/03/2026,06:19:00,Morning,Facebook,Text,Spring Launch,No,No,5,0,1,209,106,0,8217,1.22,10003,97,27,36,7,0,12,Medium,167
